-- phpMyAdmin SQL Dump
-- version 4.0.10deb1
-- http://www.phpmyadmin.net
--
-- Servidor: localhost
-- Tiempo de generaci贸n: 09-11-2015 a las 20:51:36
-- Versi贸n del servidor: 5.5.46-0ubuntu0.14.04.2
-- Versi贸n de PHP: 5.5.9-1ubuntu4.14

SET SQL_MODE = "NO_AUTO_VALUE_ON_ZERO";
SET time_zone = "+00:00";


/*!40101 SET @OLD_CHARACTER_SET_CLIENT=@@CHARACTER_SET_CLIENT */;
/*!40101 SET @OLD_CHARACTER_SET_RESULTS=@@CHARACTER_SET_RESULTS */;
/*!40101 SET @OLD_COLLATION_CONNECTION=@@COLLATION_CONNECTION */;
/*!40101 SET NAMES utf8 */;

--
-- Base de datos: `inventariomini`
--
CREATE DATABASE IF NOT EXISTS `inventariomini` DEFAULT CHARACTER SET utf8 COLLATE utf8_spanish_ci;
USE `inventariomini`;

-- --------------------------------------------------------

--
-- Estructura de tabla para la tabla `categorias`
--

DROP TABLE IF EXISTS `categorias`;
CREATE TABLE IF NOT EXISTS `categorias` (
  `id` int(11) NOT NULL AUTO_INCREMENT,
  `nombre_categoria` varchar(50) COLLATE utf8_spanish_ci NOT NULL,
  PRIMARY KEY (`id`),
  UNIQUE KEY `nombre_categoria` (`nombre_categoria`),
  KEY `nombre_categoria_2` (`nombre_categoria`)
) ENGINE=InnoDB  DEFAULT CHARSET=utf8 COLLATE=utf8_spanish_ci AUTO_INCREMENT=13 ;

--
-- Volcado de datos para la tabla `categorias`
--

INSERT INTO `categorias` (`id`, `nombre_categoria`) VALUES
(12, 'bebidas'),
(7, 'camisas extra largas'),
(4, 'cemento'),
(10, 'frutas'),
(5, 'nueva'),
(11, 'recarga'),
(6, 'servicio'),
(0, 'sin categoria'),
(8, 'software');

-- --------------------------------------------------------

--
-- Estructura de tabla para la tabla `categoria_cuenta`
--

DROP TABLE IF EXISTS `categoria_cuenta`;
CREATE TABLE IF NOT EXISTS `categoria_cuenta` (
  `id` int(11) NOT NULL AUTO_INCREMENT,
  `idU` int(11) NOT NULL,
  `nombre` varchar(50) COLLATE utf8_spanish_ci NOT NULL,
  PRIMARY KEY (`id`),
  KEY `idU` (`idU`)
) ENGINE=InnoDB  DEFAULT CHARSET=utf8 COLLATE=utf8_spanish_ci AUTO_INCREMENT=3 ;

--
-- Volcado de datos para la tabla `categoria_cuenta`
--

INSERT INTO `categoria_cuenta` (`id`, `idU`, `nombre`) VALUES
(1, 3, 'sin categoria'),
(2, 3, 'DESEMBOLSO');

-- --------------------------------------------------------

--
-- Estructura de tabla para la tabla `compras`
--

DROP TABLE IF EXISTS `compras`;
CREATE TABLE IF NOT EXISTS `compras` (
  `id` int(10) NOT NULL AUTO_INCREMENT,
  `idProveedor` int(10) NOT NULL,
  `idU` int(11) NOT NULL,
  `fecha` date NOT NULL,
  `afecta` varchar(10) COLLATE utf8_spanish_ci NOT NULL,
  `monto` varchar(25) COLLATE utf8_spanish_ci NOT NULL,
  `tipo` varchar(1) COLLATE utf8_spanish_ci NOT NULL,
  `descripcion` varchar(10000) COLLATE utf8_spanish_ci NOT NULL,
  `nro_fac` varchar(15) COLLATE utf8_spanish_ci NOT NULL,
  `nro_control` varchar(15) COLLATE utf8_spanish_ci NOT NULL,
  `tipo_cuenta` varchar(50) COLLATE utf8_spanish_ci NOT NULL,
  `contra_cuenta` varchar(15) COLLATE utf8_spanish_ci NOT NULL,
  `status` varchar(1) COLLATE utf8_spanish_ci NOT NULL DEFAULT 'A',
  `cod_compa` varchar(25) COLLATE utf8_spanish_ci NOT NULL,
  PRIMARY KEY (`id`),
  KEY `idProveedor` (`idProveedor`),
  KEY `idU` (`idU`),
  KEY `tipo_cuenta` (`tipo_cuenta`),
  KEY `idU_2` (`idU`),
  KEY `tipo_cuenta_2` (`tipo_cuenta`),
  KEY `contra_cuenta` (`contra_cuenta`)
) ENGINE=InnoDB  DEFAULT CHARSET=utf8 COLLATE=utf8_spanish_ci AUTO_INCREMENT=17 ;

--
-- Volcado de datos para la tabla `compras`
--

INSERT INTO `compras` (`id`, `idProveedor`, `idU`, `fecha`, `afecta`, `monto`, `tipo`, `descripcion`, `nro_fac`, `nro_control`, `tipo_cuenta`, `contra_cuenta`, `status`, `cod_compa`) VALUES
(10, 11, 3, '2015-09-07', '09-2015', '6249.47', '', 'COMPRA DE MERCANCIA', '17848', '00-0010098', '2001', '1012', 'A', '0001'),
(11, 11, 3, '2015-09-25', '09-2015', '5465.61', '', 'COMPRA DE MERCANCIA', '18152', '00-010402', '2001', '1011', 'A', '0001'),
(12, 12, 3, '2015-09-14', '09-2015', '4849.6', '', 'COMPRADE PINTURAS', 'A0616852', '00-0134616', '2001', '1010', 'A', '0001'),
(13, 13, 3, '2015-09-28', '09-2015', '18995.20', '', 'BROCHAS', '7303', '00-007963', '2003', '1011', 'A', '0001'),
(14, 14, 3, '2015-09-17', '09-2015', '2000', '', 'HONORARIOS CONTABLES', '218', '00-000218', '1016', '1012', 'A', '0001'),
(15, 13, 3, '2015-09-11', '09-2015', '14728', '', 'COMPRA DE MERCANCIA', '7097', '0-007754', '2003', '1010', 'A', '0001'),
(16, 10, 3, '2015-11-06', '11-2015', '100', '', 'APERITIVO', '100', '100', '1016', '1011', 'A', '0001');

-- --------------------------------------------------------

--
-- Estructura de tabla para la tabla `cuentas`
--

DROP TABLE IF EXISTS `cuentas`;
CREATE TABLE IF NOT EXISTS `cuentas` (
  `id` int(11) NOT NULL AUTO_INCREMENT,
  `codigo` varchar(25) COLLATE utf8_spanish_ci NOT NULL,
  `nombre` varchar(50) COLLATE utf8_spanish_ci NOT NULL,
  `status` varchar(1) COLLATE utf8_spanish_ci NOT NULL DEFAULT 'A',
  `usuario` varchar(25) COLLATE utf8_spanish_ci NOT NULL,
  `categoria` int(11) NOT NULL DEFAULT '1',
  `tipo` int(11) NOT NULL,
  PRIMARY KEY (`id`),
  UNIQUE KEY `nombre` (`nombre`),
  UNIQUE KEY `codigo` (`codigo`),
  KEY `usuario` (`usuario`),
  KEY `usuario_2` (`usuario`),
  KEY `categoria` (`categoria`),
  KEY `tipo` (`tipo`)
) ENGINE=InnoDB  DEFAULT CHARSET=utf8 COLLATE=utf8_spanish_ci AUTO_INCREMENT=22 ;

--
-- Volcado de datos para la tabla `cuentas`
--

INSERT INTO `cuentas` (`id`, `codigo`, `nombre`, `status`, `usuario`, `categoria`, `tipo`) VALUES
(7, '1012', 'CAJA CHICA', 'A', 'mari', 2, 1),
(11, '1010', 'CAJA', 'A', 'mari', 2, 1),
(12, '1011', 'BANCOS', 'A', 'mari', 2, 1),
(14, '1013', 'CUENTAS POR COBRAR', 'A', 'mari', 1, 1),
(15, '1014', 'MOBILIARIO Y EQUIPO', 'A', 'mari', 1, 1),
(16, '1015', 'CLIENTES - DEUDORES', 'A', 'mari', 1, 1),
(17, '1016', 'GASTOS GENERALES', 'A', 'mari', 1, 1),
(18, '2001', 'MERCANCIA', 'A', 'mari', 1, 1),
(19, '2002', 'CUENTAS POR PAGAR', 'A', 'mari', 1, 3),
(20, '2003', 'MANTENIMIENTO Y REPARACION', 'A', 'mari', 1, 1),
(21, '2004', 'IVA POR PAGAR', 'A', 'mari', 1, 3);

-- --------------------------------------------------------

--
-- Estructura de tabla para la tabla `empresas`
--

DROP TABLE IF EXISTS `empresas`;
CREATE TABLE IF NOT EXISTS `empresas` (
  `id` int(10) NOT NULL AUTO_INCREMENT,
  `codigo` varchar(10) COLLATE utf8_spanish_ci NOT NULL,
  `razon` varchar(100) COLLATE utf8_spanish_ci NOT NULL,
  `rif` varchar(50) COLLATE utf8_spanish_ci NOT NULL,
  `direccion` varchar(500) COLLATE utf8_spanish_ci NOT NULL,
  `usuario` varchar(50) COLLATE utf8_spanish_ci NOT NULL,
  `status` varchar(10) COLLATE utf8_spanish_ci NOT NULL,
  PRIMARY KEY (`id`),
  UNIQUE KEY `codigo` (`codigo`),
  KEY `usuario` (`usuario`)
) ENGINE=InnoDB  DEFAULT CHARSET=utf8 COLLATE=utf8_spanish_ci AUTO_INCREMENT=10 ;

--
-- Volcado de datos para la tabla `empresas`
--

INSERT INTO `empresas` (`id`, `codigo`, `razon`, `rif`, `direccion`, `usuario`, `status`) VALUES
(7, '001', 'Company, C.A.', 'J-40190154-8', 'Maracay estado Aragua', 'mari', ''),
(8, '100', 'K-TUX', 'J-40190154-9', 'Maracay Edo. Aragua', 'mari', ''),
(9, '0001', 'REPUESTOS MOTO CARS, SAN JOSE C.A.', 'J-400194717', 'BARRIO LOURDES CALLE ALAS CASA #1, MARACAY EDO. ARAGUA', 'mari', '');

-- --------------------------------------------------------

--
-- Estructura de tabla para la tabla `productos`
--

DROP TABLE IF EXISTS `productos`;
CREATE TABLE IF NOT EXISTS `productos` (
  `id` int(5) NOT NULL AUTO_INCREMENT,
  `codigo` varchar(25) COLLATE utf8_spanish_ci NOT NULL,
  `descripcion` varchar(50) COLLATE utf8_spanish_ci NOT NULL,
  `categoria` varchar(20) COLLATE utf8_spanish_ci NOT NULL DEFAULT '0',
  `compra` varchar(15) COLLATE utf8_spanish_ci NOT NULL,
  `venta` varchar(15) COLLATE utf8_spanish_ci NOT NULL,
  `exento` int(1) NOT NULL,
  `status` varchar(1) COLLATE utf8_spanish_ci NOT NULL DEFAULT 'A',
  `cantidad` int(7) NOT NULL DEFAULT '0',
  PRIMARY KEY (`id`)
) ENGINE=InnoDB  DEFAULT CHARSET=utf8 COLLATE=utf8_spanish_ci AUTO_INCREMENT=11 ;

--
-- Volcado de datos para la tabla `productos`
--

INSERT INTO `productos` (`id`, `codigo`, `descripcion`, `categoria`, `compra`, `venta`, `exento`, `status`, `cantidad`) VALUES
(1, 'frut011', 'melocoton', '10', '435.30', '525.10', 0, 'A', 20),
(3, 'frut015', 'Patilla criolla', '10', '400.00', '561.22', 0, 'A', 20),
(4, 'frut010', 'aguacate', '10', '105.50', '150.22', 0, 'A', 300),
(5, 'frut001', 'mango', '10', '100.00', '120.00', 0, 'A', 100),
(6, 'frut005', 'melon', '10', '100.00', '140', 0, 'A', 5),
(7, 'frut003', 'guallaba', '10', '390', '420', 0, 'A', 20),
(8, 'frut002', 'Patilla Grande', '10', '400.00', '561.23', 0, 'A', 20),
(9, 'frut012', 'mandarina', '10', '40.00', '52.25', 0, 'A', 70),
(10, '501', 'tamarindo ok', '5', '10.00', '15.00', 0, 'A', 10);

-- --------------------------------------------------------

--
-- Estructura de tabla para la tabla `proveedores`
--

DROP TABLE IF EXISTS `proveedores`;
CREATE TABLE IF NOT EXISTS `proveedores` (
  `id` int(10) NOT NULL AUTO_INCREMENT,
  `razon` varchar(70) COLLATE utf8_spanish_ci NOT NULL,
  `rif` varchar(15) COLLATE utf8_spanish_ci NOT NULL,
  `direccion` varchar(1000) COLLATE utf8_spanish_ci NOT NULL,
  `telefono` varchar(25) COLLATE utf8_spanish_ci NOT NULL,
  `status` varchar(1) COLLATE utf8_spanish_ci NOT NULL DEFAULT 'A',
  `codigo` varchar(25) COLLATE utf8_spanish_ci NOT NULL,
  `fecha` date NOT NULL,
  PRIMARY KEY (`id`),
  UNIQUE KEY `codigo` (`codigo`)
) ENGINE=InnoDB  DEFAULT CHARSET=utf8 COLLATE=utf8_spanish_ci AUTO_INCREMENT=15 ;

--
-- Volcado de datos para la tabla `proveedores`
--

INSERT INTO `proveedores` (`id`, `razon`, `rif`, `direccion`, `telefono`, `status`, `codigo`, `fecha`) VALUES
(2, 'inversiones', 'J-40190154-9', 'direcci贸n de muestra, calle la cuadradita', '0243-2713131', 'A', '010001', '0000-00-00'),
(3, 'interiores y fachadas c.a.', 'J-12345678-9', 'Maracay Edo Aragua', '0243-2713140', 'A', '123132', '0000-00-00'),
(4, 'ferreteria El Martillo', 'j404040401', 'el valle, santa rita, maracay estado aragua', '', 'A', '3010', '0000-00-00'),
(5, 'nuevo proveedor c.a.', 'J-123001003-2', 'a', '', 'A', '1', '2015-10-12'),
(6, 'otro mas', 'J-123001003-9', 'aragua', '', 'A', '124124', '2015-10-29'),
(7, 'agua pura c.a.', 'J-123001003-0', 'maracay', '', 'A', '12', '2015-10-29'),
(8, 'comidas c.a.', 'J-123001003-8', 'maracay', '', 'A', '4040', '2015-10-29'),
(9, 'calletas Dulces', 'J-123001003-1', 'Maracay', '', 'A', '2020', '2015-10-29'),
(10, 'galletitas c.a.', 'J-123001003-3', 'maracay', '', 'A', '7471', '2015-10-29'),
(11, 'DALMO BOGIANI', 'V-072529380', 'MARACAY EDO ARAGUA', '', 'A', '3030', '2015-11-03'),
(12, 'DISTRIBUIDORA PRIME, C.A.', 'J-30294311-6', 'MARACAY, EDO ARAGUA.', '', 'A', '3031', '2015-11-03'),
(13, 'INVERSIONES BRUNO, C.A.', 'J-403468052', 'MARACAY EDO ARAGUA', '', 'A', '3032', '2015-11-03'),
(14, 'MARICARMEN OCHOA', 'V-19277382-9', 'MARACAY EDO. ARAGUA', '', 'A', '3033', '2015-11-03');

-- --------------------------------------------------------

--
-- Estructura de tabla para la tabla `tipo_cuenta`
--

DROP TABLE IF EXISTS `tipo_cuenta`;
CREATE TABLE IF NOT EXISTS `tipo_cuenta` (
  `id` int(11) NOT NULL AUTO_INCREMENT,
  `nombre` varchar(50) COLLATE utf8_spanish_ci NOT NULL,
  `aumenta` varchar(1) COLLATE utf8_spanish_ci NOT NULL,
  `disminuye` varchar(1) COLLATE utf8_spanish_ci NOT NULL,
  PRIMARY KEY (`id`)
) ENGINE=InnoDB  DEFAULT CHARSET=utf8 COLLATE=utf8_spanish_ci AUTO_INCREMENT=5 ;

--
-- Volcado de datos para la tabla `tipo_cuenta`
--

INSERT INTO `tipo_cuenta` (`id`, `nombre`, `aumenta`, `disminuye`) VALUES
(1, 'ACTIVO', 'D', 'H'),
(2, 'GANANCIA', 'H', 'D'),
(3, 'PASIVO', 'H', 'D'),
(4, 'PERDIDA', 'H', 'D');

-- --------------------------------------------------------

--
-- Estructura de tabla para la tabla `usuarios`
--

DROP TABLE IF EXISTS `usuarios`;
CREATE TABLE IF NOT EXISTS `usuarios` (
  `id` int(7) NOT NULL AUTO_INCREMENT,
  `usuario` varchar(20) COLLATE utf8_spanish_ci NOT NULL,
  `clave` varchar(50) COLLATE utf8_spanish_ci NOT NULL,
  `nombre_completo` varchar(50) COLLATE utf8_spanish_ci NOT NULL,
  `tipo` varchar(1) COLLATE utf8_spanish_ci NOT NULL,
  PRIMARY KEY (`id`),
  UNIQUE KEY `usuario` (`usuario`)
) ENGINE=InnoDB  DEFAULT CHARSET=utf8 COLLATE=utf8_spanish_ci AUTO_INCREMENT=4 ;

--
-- Volcado de datos para la tabla `usuarios`
--

INSERT INTO `usuarios` (`id`, `usuario`, `clave`, `nombre_completo`, `tipo`) VALUES
(1, 'julio899', '51c30cf5b566235f70673a8092853fa4b0bb60e4', 'Julio Vinachi', 'A'),
(3, 'mari', '51c30cf5b566235f70673a8092853fa4b0bb60e4', 'Maricarmen Ochoa', 'C');

--
-- Restricciones para tablas volcadas
--

--
-- Filtros para la tabla `categoria_cuenta`
--
ALTER TABLE `categoria_cuenta`
  ADD CONSTRAINT `categoria_cuenta_ibfk_1` FOREIGN KEY (`idU`) REFERENCES `usuarios` (`id`) ON DELETE CASCADE ON UPDATE CASCADE;

--
-- Filtros para la tabla `compras`
--
ALTER TABLE `compras`
  ADD CONSTRAINT `compras_ibfk_1` FOREIGN KEY (`idProveedor`) REFERENCES `proveedores` (`id`) ON DELETE CASCADE ON UPDATE CASCADE,
  ADD CONSTRAINT `compras_ibfk_2` FOREIGN KEY (`idU`) REFERENCES `usuarios` (`id`) ON DELETE CASCADE ON UPDATE CASCADE,
  ADD CONSTRAINT `compras_ibfk_3` FOREIGN KEY (`tipo_cuenta`) REFERENCES `cuentas` (`codigo`) ON DELETE CASCADE ON UPDATE CASCADE,
  ADD CONSTRAINT `compras_ibfk_4` FOREIGN KEY (`contra_cuenta`) REFERENCES `cuentas` (`codigo`) ON DELETE CASCADE ON UPDATE CASCADE;

--
-- Filtros para la tabla `cuentas`
--
ALTER TABLE `cuentas`
  ADD CONSTRAINT `cuentas_ibfk_1` FOREIGN KEY (`usuario`) REFERENCES `usuarios` (`usuario`) ON DELETE CASCADE ON UPDATE CASCADE,
  ADD CONSTRAINT `cuentas_ibfk_2` FOREIGN KEY (`categoria`) REFERENCES `categoria_cuenta` (`id`) ON DELETE CASCADE ON UPDATE CASCADE,
  ADD CONSTRAINT `cuentas_ibfk_3` FOREIGN KEY (`tipo`) REFERENCES `tipo_cuenta` (`id`) ON DELETE CASCADE ON UPDATE CASCADE;

--
-- Filtros para la tabla `empresas`
--
ALTER TABLE `empresas`
  ADD CONSTRAINT `empresas_ibfk_1` FOREIGN KEY (`usuario`) REFERENCES `usuarios` (`usuario`) ON DELETE CASCADE ON UPDATE CASCADE;

/*!40101 SET CHARACTER_SET_CLIENT=@OLD_CHARACTER_SET_CLIENT */;
/*!40101 SET CHARACTER_SET_RESULTS=@OLD_CHARACTER_SET_RESULTS */;
/*!40101 SET COLLATION_CONNECTION=@OLD_COLLATION_CONNECTION */;
